,story_id,code
0,27,j0nvrcwf03i2
1,362,k3tr3856gp2w
2,922,yzufc2olvyuq
3,1218,qs6wwcyercf9
4,1296,9cjh3wonl40f
5,1323,o6kmdkx8a4pl
6,1358,qmgftjiovdy1
7,1439,sa5r07nwiyng
8,1442,khy17vcg3wts
9,1777,oaav8k0b5nxh
10,1828,vhcinpupccqe
11,2027,925bi016idhu
12,2408,vne8986299hz
13,2469,naennyccrzls
14,2519,n3t6ib1toeen
15,2603,6k3dp4gvlimf
16,2775,5982xmh7xjhd
17,3094,qpdm45ce4px3
18,3121,o9ujmz7mod1j
19,3140,209anfaks0do
20,3288,f9vs6rhkouhp
21,3329,147c957lngfk
22,3428,fozs9q0l35fb
23,3439,4sra5odcsq6p
24,3576,ixy5lhopg3q9
25,3674,ivf5acuqh22a
26,3867,eo1wmfck66zo
27,4033,cji6n7czh8tt
28,4180,vt3ow5yrcclz
29,4329,xn5hirxqw5xq
30,4525,2e3rxwlejbjt
31,4657,15fx9g492ufq
32,4783,d4x2z9f3gv57
33,4821,q1fydx7q66pa
34,5119,zqyzbvwi3pi4
35,5405,0ix778otbivb
36,5523,2ohe492ukymy
37,5697,4ajjnaau5k95
38,5865,77ywc89xu6el
39,6267,flk615caoo8f
40,6341,nrgvh317qspy
41,6385,ymf583kc19is
42,6433,nwkx22jme8y8
43,6617,iyw1q4rdidh3
44,6684,qjvf5accgnn6
45,6710,9r8vs5nxhxn3
46,6787,syf2g5kl3cuk
47,7060,0khadgd1pnqq
48,7086,qoom53y15ono
49,7164,1vksfr5ugl4g
50,7173,zk3lf3ib46ut
51,7345,32d55xlwr74x
52,7970,aykre1mhm4xu
53,8156,rywpoi1hkpms
54,8157,6zp9fong1rzr
55,8327,8ayvkuup8eu3
56,8891,n6o3xxpm0c9f
57,8893,iscmsu4bbv6s
58,8999,jwa87do853d1
59,9112,uue0t0n59ok4
60,9168,b62o5d0xat6r
61,9304,1ufgwjk67tsw
62,9397,reop490w1djc
63,9432,skvga1snfwhm
64,9449,dlkmln9cp3tr
65,9508,cvr3xo3qih4m
66,9547,rmrf323w9ev6
67,9733,esxiw59y2p5w
68,9913,izc4xrbk5gz4
69,9953,aso70ob6ve80
70,10618,3tuvhg5jj1d2
71,10660,qs12x7m8yli3
72,11067,tvo5zwnuigxb
73,11075,dlf7mmwcbss6
74,11081,hy20y30yt33l
75,11523,g8q4up80j0fj
76,11546,inq1duxhsoc0
77,11917,b9qvqfe27zrt
78,11931,zlscijmzeixb
79,12194,s34iiy23zd7u
80,12630,lxo3j4plpk13
81,12671,celu6t00j0y2
82,12701,3kc0c5p3mp4f
83,12867,qrf43tt0yfhf
84,12901,n22zb5dr436x
85,13003,4rok2epb0l6z
86,13213,td4kj3e7d74k
87,13327,es52pfaaokjd
88,13362,1ek15al0hcqu
89,13369,ob62st0ooq55
90,13515,nvztprj3dfp8
91,13651,cxgb2vn5fysd
92,13858,gvcufums8g5e
93,14248,v3ncffkf6p9r
94,14257,6uj5v0rhsjmj
95,14270,420aeckb4ia0
96,14804,a1qmopaqk7r5
97,14875,wox78cl5bb5n
98,15125,sinqegifq88h
99,15137,vgk67t3b54cf
100,23,02ys1yrvqcww
101,38,f454eqkvj5hj
102,87,p59ckon657rl
103,126,9s8jho40anbr
104,187,8kjg7obhv6i8
105,219,s9uhssd2c0rx
106,235,ofvw20hsd20n
107,259,7p6jd2jjmwln
108,312,bi1kb2tpq6da
109,315,tyjzw4fgzi07
110,434,t6t4k0jp6jki
111,479,crk8mjjy1omi
112,499,yzupy35osghi
113,500,3ny8804esw65
114,502,xc6wi75c075u
115,527,uoca3wcglpop
116,555,mxbzsmz7gl4n
117,630,2nnlc4fncdqc
118,668,4b4wwsv903tz
119,698,6q3maypicgvf
120,716,g16xhy96p979
121,734,41t3lk8xe49q
122,768,lc1uwxcp553k
123,783,j96v145z2rgx
124,811,xq2sgoxnby72
125,816,lnxx82lx51y4
126,834,rrlwcld8bbot
127,900,bmu4dqgttqjl
128,915,0km4k4tekz0s
129,923,l7svifv515l1
130,936,7s026h8bpxfa
131,959,pok53f5c8qbt
132,967,b2oufxhip6bd
133,1069,x7jn9p05d57h
134,1076,othaetipj2xv
135,1102,lq5epa6afn6s
136,1165,nfgl3zefae1k
137,1193,vvt2m9cxe8jg
138,1250,feo17mhyqply
139,1293,9y7rctjw8myr
140,1341,7bv2um7llgzd
141,1368,5nd4c992rass
142,1379,vwsm9vauc2d5
143,1381,mipve7g1er6z
144,1403,36xzp0yrb1zi
145,1422,oaseor4y0fmv
146,1433,1ye1delp04s9
147,1528,ah320gngg7lv
148,1536,po99hkigqpe5
149,1644,y8t1rw476qok
150,1680,0lkcrnsqlsvz
151,1712,pd5rukwbcxt8
152,1728,njowenczde2f
153,1789,yfm5gau30q1g
154,1830,nmuprpu4tc9r
155,1839,a7h7yku2qjz0
156,1841,oqdouu1802sk
157,1898,i4rpc81i6nno
158,1951,gdr67p00ov1g
159,1959,p5a2nnvywuk7
160,2010,qae5jf67s75l
161,2016,eiqw26t4nw6p
162,2058,95dd0kihtvfx
163,2066,zsm16ylbifxy
164,2077,siam74o8j9jk
165,2086,w84bkmavfjqj
166,2213,59d2b9ic2s7c
167,2262,qd0ta7ng4xud
168,2273,h8l4c1v8izd4
169,2311,1l8dyj09xpag
170,2313,zgghjtmaejl5
171,2334,0ko5ynerwarf
172,2455,8ykzylssdiku
173,2516,sawpu7pidhqn
174,2571,fupql4q5b3ds
175,2577,afp5uewovi07
176,2588,f6xibzgcpfn3
177,2597,hlvzyqubb87e
178,2648,hbepikb041il
179,2739,km2dygxbshvv
180,2774,xa0pvzt40yby
181,2813,aop7u2fc2t7n
182,2894,p3n1v1bene17
183,2931,5ovd5xesjths
184,2942,4fw6z0svxr51
185,2953,xb419r9v9521
186,2982,22j9ufc5mybe
187,3029,0xro406wpl0h
188,3048,mirgf5qzx7jv
189,3127,2sv59i1wxu1z
190,3203,czttvbrga5ip
191,3241,czm2g90pc3sq
192,3290,j4olhocjnnsc
193,3319,0zsrcc53k3o4
194,3368,dnidettewo7z
195,3386,jmshz8ecc8df
196,3397,zn5c3uohxizu
197,3418,gt9s454gz08v
198,3505,waiqtvyj0fg2
199,3512,q78lv4g5gwsw
200,3534,7lkwvwso9zga
201,3538,4iibr0gf1895
202,3552,ki527y89epgp
203,3586,v6ij1a1nt5eo
204,3620,d4jp0ev4gjkt
205,3629,cu9fjuyzhp9z
206,3669,wf4gy9xhw7jl
207,3684,nmpttj558110
208,3690,lr96otd0k227
209,3731,sc0o4abraag4
210,3733,smgi340re2fh
211,3787,pc3ejibzvcf9
212,3792,y400j9aizccp
213,3920,fd9tip1lju4n
214,3922,l8m6jl8fqj2k
215,4009,7ch82g3b8ytv
216,4020,32ab55yxqle2
217,4021,m8ox50bpiesy
218,4024,6izimy3h0tit
219,4067,kwaxorretfdy
220,4080,54sz7l2m6ocx
221,4103,8m36co89jk22
222,4106,yflbnwb6gjva
223,4279,ubep17dpk9mp
224,4295,y7gy7vyi5lxr
225,4348,ocvnwpyhbvp8
226,4571,w0rexdja5bhf
227,4573,eiedjzm0qok6
228,4607,et3nhg1xsh6t
229,4674,s2els6gzuttf
230,4682,c63wb432dt7j
231,4766,qya1d5ybtyjy
232,4872,rqpdu4l8wap3
233,4890,yt0f739iu9di
234,4900,erdcmlewydpr
235,4917,84h7gaf9pms8
236,5083,v615cfj6pxjw
237,5132,e2q8oivlewua
238,5172,j8b81k66qxb1
239,5203,a05vrrqwfq8u
240,5239,b5tsdbq9j510
241,5288,x9b9aklscjfw
242,5311,57s2xh5vdddc
243,5330,3hzygjbtqhhn
244,5348,csql893lhtir
245,5594,2kkxkao8kdyz
246,5635,bg56p3s23pig
247,5674,fl1a436esn4f
248,5704,s3rlncyll7aw
249,5840,lccg6jdvsliu
250,5876,u9x25pk6y1ke
251,5948,kue391zaaqba
252,5963,fy7iq36intiy
253,5976,u8abu9geqdig
254,6026,5soureiou0zk
255,6089,xxkhnbr233bq
256,6099,192f5c5yk5h3
257,6100,0shqbla8dr8x
258,6111,9qvhbay0gmyz
259,6210,6lsc7vluh6c4
260,6222,nw2ttwy82bwb
261,6366,7ln7smh66ouh
262,6377,9uf6w0762pt6
263,6388,u073ylj5rj4k
264,6391,warv56wibdv1
265,6402,ya1ue2lqbdzt
266,6408,n4b8xhm8mr4g
267,6420,lj3fj8r1n64f
268,6453,wdlf5vx7h7j9
269,6474,5d8bbgj24xpy
270,6497,a2u81mvowmu7
271,6509,5jv7fcpsdytv
272,6510,da3wojsxnhr7
273,6618,w6ixidb6htlk
274,6642,3gt8daonbuf2
275,6646,ssajgqduqnyk
276,6658,ke6q24444dqf
277,6681,rrgu6i6kgyws
278,6731,mazb7u8tscqm
279,6749,5gbj4z47pgo4
280,6752,sniwk2m5avwk
281,6762,kpkw5jvql3u3
282,6815,c3i9r8ru2b5z
283,6817,n6v65wynol67
284,6925,7hfux9euw6zl
285,7064,3wcca83hqyax
286,7136,unt0r94gvxd0
287,7169,5cjw6d5ccs91
288,7179,w4d3szy8hba4
289,7271,u4xnsdp3n58h
290,7389,n8xajf14zm6p
291,7424,x2pb40cs777g
292,7436,yfxmjkqyikup
293,7485,6t62x6fsrt7x
294,7492,rwu5u9blhlli
295,7503,zglkch3tbx0m
296,7677,6lvkvxyr142e
297,7741,bwkjoz1goe9u
298,7751,gbblm9zm4nn9
299,7757,k86bzw2fqgan
300,7811,lqw0mojovkmh
301,7812,ss08edk4xogi
302,7843,crozkdkp56cd
303,7858,ddwcq4q3wgb9
304,7862,s6l3z9fhtt6q
305,7985,thpli2b9avpv
306,8055,fs8jsvrxveag
307,8061,s6dg1eqzpfy2
308,8068,o3uoyyey1lna
309,8084,zmfrfaetdgir
310,8107,k6q0w8ysckfb
311,8141,keg8ncaq0fer
312,8146,p3vumcey2eiw
313,8198,94tjve48vzv2
314,8273,q5spy0p3fwvz
315,8290,bb05rqp07nmi
316,8392,fgy540yco4bv
317,8420,tctxpjfujr2e
318,8442,but9d323dv68
319,8491,ghtmmrhadbxw
320,8494,ejgkxhukfxpe
321,8522,96gj240cnpcw
322,8534,94rjc31184ll
323,8564,wrgkrw3im7xy
324,8595,4516lasr600k
325,8618,fj6l4scu2yei
326,8628,3hhxt96f60dz
327,8658,44xvqau7ypdb
328,8680,mae77xwn8umv
329,8690,dg3jv8h1noae
330,8751,wh393vlt4175
331,8768,yohryot6d52c
332,8785,npitutaufuoq
333,8832,drlbgyxmrnfh
334,8839,gziise1gtwk8
335,8885,owipoo1x9uax
336,8995,6yn7hvytxuh5
337,9005,p9ojnauhjhhd
338,9035,esia7o857ft9
339,9077,a4bpjf7eyzi7
340,9115,rkj8c9eram63
341,9135,8owa1i3l0mi5
342,9146,5q07zkowka0w
343,9150,z1lbgjyg78ou
344,9163,9ez54xljq3bg
345,9213,n9yxwhnon4bd
346,9338,fmlu7iq62g1x
347,9351,7whq09awyz47
348,9404,nmq02idzw3rr
349,9447,mgav11sn1hxe
350,9458,mbevbgjhi7nc
351,9520,mq4xf012s2er
352,9544,qxqarhljmvq8
353,9587,hswk3fjmi5z1
354,9611,8w9ggr8c0lm2
355,9653,02kjcd8rc44x
356,9685,pncd4pdr6iqq
357,9781,i7yzja0qaf1d
358,9850,aenvs0d2pk36
359,9883,0pdm6hscbn4f
360,10024,bbt7vstxqg9m
361,10077,tjl7tr5bsns1
362,10081,1bma0nld0j8x
363,10082,ez4wnzubrk5z
364,10156,43mpb5ilkvyf
365,10163,mxwean4di332
366,10168,d2ie0a3gok8c
367,10186,ee00zvitmgsu
368,10242,ruv3e4iy52uq
369,10309,zozqlxjkqbju
370,10334,sjicxqd8eii6
371,10340,2shyvrcppfal
372,10346,zj07rfpfef2p
373,10404,whb2945g7ik2
374,10411,t87fhxpppend
375,10436,n557actow72a
376,10442,177o6aj4uihr
377,10448,fed57hmthvk2
378,10512,ontlm4lo22a8
379,10555,lpcoay5u8rei
380,10595,6pfz16m3lvr9
381,10646,st7d9p2ow92i
382,10726,oedyeid1xn19
383,10727,qj3egk2ronyb
384,10736,tq875clrauc2
385,10781,wy2jxy93rtad
386,10820,2oitgoletabe
387,10839,gnwkixe1lkia
388,10859,epfeuj3i09j0
389,10889,cm1nokblpoxg
390,10912,6m8f7ci8svqh
391,10923,faohoy5xk845
392,10979,wx1p4h3xrlge
393,10982,5k61mkt9xooc
394,11006,y3qhw6ccfypz
395,11058,i047ckv7cy2x
396,11063,hfxeoprv5cmf
397,11128,7jnrfzn9ulhx
398,11208,mtvi991nz4wu
399,11296,bl6gnpj9z40u
400,11320,fq5w4bsix1on
401,11387,97f3igtkl1gb
402,11501,vg8oqk9rxc6j
403,11511,iqkq39tzz17c
404,11519,i8x60s6o1xt5
405,11564,sy2thvbsc5ig
406,11568,culpeuq1f6m2
407,11639,uzgss1ut9017
408,11740,93759kr1v9ng
409,11768,r2x7vdujq7mj
410,11808,5wdwwg5b23hr
411,11815,tsw5q5uy3qqf
412,11889,63o1ezjqz56g
413,11995,txu1stsiiy3d
414,12017,e0394ntkp1op
415,12053,kxlvnq2z8ovh
416,12100,9ntmloap9bnn
417,12113,tpdr14y74cpg
418,12127,nkml15ktdjzg
419,12141,vanx4p9hkrzn
420,12154,1h7wcc336cwo
421,12297,y54l54lr86jl
422,12402,rp6e9svak1jc
423,12625,ao9gzgcs1lh8
424,12645,h417jpa4789p
425,12662,j3te0mwfgn50
426,12710,6i34sdsh1n94
427,12752,tpno2hqb7x38
428,12759,ky7wlj1j4rfr
429,12762,cgweifme6fgy
430,12816,40zyhcvjpstl
431,12830,fzggzwzg51xy
432,12860,q4wlr3keuq99
433,12895,47lnw6loql7i
434,12907,bjbul1g34x3u
435,12974,xmgalaj3ctmv
436,13023,i3jldve0rwb8
437,13027,hu0050sy564x
438,13054,be4j885hyz8t
439,13155,33j3ld227niw
440,13179,qnvlmmmndw68
441,13183,6oi05jqfou5a
442,13241,sez9kwas733v
443,13247,nficd175ud56
444,13262,axij4kx8dqge
445,13289,ad95sl1gxehb
446,13340,z9rwbjf0wsd7
447,13349,4okwrmgihxnq
448,13365,ir42bhstj8u9
449,13381,mga398d5adr5
450,13399,s6r66vg0suto
451,13401,ycc7d85fcmmo
452,13425,472xfih3j2r0
453,13476,pu0n75wshmn2
454,13538,w5d8p381vkii
455,13627,fz06emuv5fv3
456,13637,dridzwesglkg
457,13652,rzpei6oov9ln
458,13674,zcrsr579ksqo
459,13680,jel8k46lajps
460,13694,r9tgznv2xhjs
461,13763,0i2bhgixqyeq
462,13772,yyyv4gmc58ug
463,13828,h943byaq2qsd
464,13840,lyzp1321dq0t
465,13847,gup8sq7eowjr
466,13886,bzshqzcpwj4a
467,13896,wa1lbd7taoya
468,13927,jpe0jivl3kky
469,13929,wj4q2lix088c
470,14046,4xoonjcsapgw
471,14071,sz460d08a3yo
472,14101,f4ya1kacccqu
473,14155,kmmzcnk90j3m
474,14169,we0u03czrbxq
475,14247,xyibhunkoosn
476,14254,d94kadgootyy
477,14302,klxuomiakz5r
478,14361,vptl20ozyz06
479,14374,tb1t79tkrlhu
480,14439,ok60974mq8sz
481,14441,wkxvrwzq1d1v
482,14446,dc81axpgy5v8
483,14459,hevb80cqvwia
484,14479,gzkdkmy3fsb0
485,14490,b7upi7231d22
486,14494,8fci3m1r5hdz
487,14508,lvnlw5fxb8rg
488,14513,lzz81hb2icd7
489,14518,3ao93juakykp
490,14676,yl72q856j1go
491,14704,57zuek372t35
492,14735,bne0atiax8hb
493,14960,xsmbdwekw8ah
494,14986,pjccsl05r7nn
495,15013,tbcwbj7hbfbu
496,15014,j2bltei9cry2
497,15027,ao6g447i99gm
498,15051,zinjhlmyklus
499,15065,rqi1eobhfxg3
